key	type	size	hex	value
#KEY	ui32	4	0000048c	1164.000
AC-B	si8 	1	ff	-1.000
AC-C	flag	1	00	0.000
AC-I	ui16	2	0045	69.000
AC-J	ui16	2	0000	0.000
AC-M	hex_	2	0303	
AC-N	ui8 	1	04	4.000
AC-P	ui8 	1	00	0.000
AC-Q	ui8 	1	00	0.000
AC-R	ui8 	1	00	0.000
AC-S	flag	1	01	1.000
AC-T	ui8 	1	00	0.000
AC-U	flag	1	00	0.000
AC-W	si8 	1	01	1.000
AC-s	ui16	2	0001	1.000
AC-t	ui16	2	0001	1.000
ACCF	ui8 	1	1e	30.000
ACCP	ui8 	1	00	0.000
ACDI	ui16	2	0bb8	3000.000
ACEN	ui8 	1	01	1.000
ACFP	flag	1	00	0.000
ACIC	ui16	2	0bb8	3000.000
ACKL	hex_	1	00	
ACKS	hex_	2	0000	
ACLM	ui16	2	122a	4650.000
ACPW	ui32	4	0000ea60	60000.000
ACSt	hex_	4	57030000	
ACTL	ui8 	1	03	3.000
ACVM	flag	1	01	1.000
ACVS	ui8 	1	00	0.000
ADBA	ui32	4	00000000	0.000
ADC0	ui16	2	0d87	3463.000
ADC1	ui16	2	0767	1895.000
ADC2	ui16	2	0da0	3488.000
ADC3	ui16	2	0142	322.000
ADC4	ui16	2	0221	545.000
ADC5	ui16	2	02f0	752.000
ADC6	ui16	2	0000	0.000
ADC7	ui16	2	004f	79.000
ADC8	ui16	2	0007	7.000
ADC9	ui16	2	0b2f	2863.000
ADCE	ui32	4	00000256	598.000
ADCa	ui16	2	0009	9.000
ADCb	ui16	2	07a2	1954.000
ADCc	ui16	2	0009	9.000
ADCd	ui16	2	0008	8.000
ADCe	ui16	2	0008	8.000
ADCf	ui16	2	017e	382.000
ADCg	ui16	2	07e6	2022.000
ADCh	ui16	2	000f	15.000
ADCi	ui16	2	000a	10.000
ADCj	ui16	2	0008	8.000
ADCk	ui16	2	0009	9.000
ADCl	ui16	2	00c6	198.000
ADCm	ui16	2	0028	40.000
ADCn	ui16	2	014f	335.000
ANWP	ui8 	1	04	4.000
AOPs	ui16	2	0100	256.000
ARSD	hex_	3	000000	
ARSP	hex_	3	000000	
AUDC	ui16	2	0000	0.000
AUDS	ui8 	1	00	0.000
AUPO	ui8 	1	00	0.000
B0AC	si16	2	0059	89.000
B0AG	hex_	8	11100500a200ffff	
B0AP	flt 	4	986a90bf	-1.128
B0AV	ui16	2	3185	12677.000
B0Al	ui16	2	ffff	65535.000
B0Am	ui8 	1	10	16.000
B0Ar	ui8 	1	00	0.000
B0As	ui8 	1	00	0.000
B0At	ui16	2	0960	2400.000
B0Au	ui16	2	0960	2400.000
B0BI	hex_	1	11	
B0CI	hex_	2	2312	
B0CT	ui16	2	0076	118.000
B0DC	ui16	2	5622	22050.000
B0FC	ui16	2	1fde	8158.000
B0FG	hex_	8	0102382100000000	
B0FH	hex_	8	0102f87f00000000	
B0FI	hex_	2	8000	
B0IV	si16	2	a200	-24064.000
B0LI	ui16	2	7fff	32767.000
B0MI	ui16	2	1800	6144.000
B0OS	hex_	2	e483	
B0PS	hex_	2	0000	
B0R1	hex_	32	0055007300370035003d003f003200330038003a003e0046004d006900b3014b	
B0R2	hex_	32	0055007c003e003d00460048003b003d004300490050005b00630099010701ab	
B0R3	hex_	32	0055007600390038003f004000330034003c003e004200530057007e00bf026e	
B0RC	ui16	2	f400	62464.000
B0RI	ui16	2	1800	6144.000
B0RM	ui16	2	1ebc	7868.000
B0RS	ui16	2	00f4	244.000
B0RV	ui16	2	3234	12852.000
B0St	hex_	2	0080	
B0TE	ui16	2	ffff	65535.000
B0TF	ui16	2	006b	107.000
BALG	ui8 	1	00	0.000
BAST	hex_	16	000000000000000083e40002c1000010	
BATP	flag	1	00	0.000
BBAD	flag	1	00	0.000
BBIF	ui8 	1	2a	42.000
BBIN	flag	1	01	1.000
BC1V	ui16	2	107d	4221.000
BC2V	ui16	2	1084	4228.000
BC3V	ui16	2	1084	4228.000
BCF0	flag	1	00	0.000
BCFO	ui8 	1	00	0.000
BCFP	ui32	4	00000000	0.000
BCFR	hex_	1	00	
BCLM	ui8 	1	64	100.000
BCMV	ui16	2	1084	4228.000
BCMW	ui16	2	107d	4221.000
BCTB	si16	2	0f82	3970.000
BCTC	si16	2	1180	4480.000
BCTF	ui8 	1	00	0.000
BCTL	flt 	4	0000803f	1.000
BCTP	flt 	4	20822c40	2.695
BCTS	ui8 	1	01	1.000
BCTW	ui8 	1	01	1.000
BDD1	ui8 	1	06	6.000
BDD2	ui8 	1	06	6.000
BDD3	ui8 	1	07	7.000
BDVT	ui8 	1	00	0.000
BEMB	flag	1	01	1.000
BFC1	ui16	2	0920	2336.000
BFC2	ui16	2	de1f	56863.000
BFCT	ui16	2	0000	0.000
BFLO	ui8 	1	00	0.000
BFWC	ui16	2	062c	1580.000
BHCK	ui8 	1	00	0.000
BIMX	ui16	2	5e64	24164.000
BIPD	ui16	2	0000	0.000
BITV	ui16	2	0000	0.000
BLTA	si8 	1	00	0.000
BLTO	ui32	4	04870000	75956224.000
BMDT	ch8*	7	32393037303100	
BNCB	ui8 	1	03	3.000
BNCR	ui8 	1	00	0.000
BNum	ui8 	1	01	1.000
BQCC	si16	2	0119	281.000
BQD1	ui16	2	0288	648.000
BQD2	ui16	2	0288	648.000
BQD3	ui16	2	02a0	672.000
BQX1	ui16	2	2355	9045.000
BQX2	ui16	2	22f7	8951.000
BQX3	ui16	2	233e	9022.000
BROS	ui16	2	0096	150.000
BRSC	ui16	2	0060	96.000
BRTC	ui8 	1	1f	31.000
BRTE	ui8 	1	00	0.000
BRTG	ui8 	1	00	0.000
BRTH	si8 	1	01	1.000
BRTI	ui8 	1	00	0.000
BRTM	si8 	1	05	5.000
BRTP	ui16	2	0000	0.000
BSAC	hex_	1	22	
BSIn	hex_	1	c3	
BSSA	ui16	2	1110	4368.000
BSSC	ui16	2	0500	1280.000
BTFU	flag	1	00	0.000
BTIL	ui16	2	0bb8	3000.000
BTTI	ui8 	1	04	4.000
BTVI	ui8 	1	04	4.000
BTVS	fp1f	2	7826	
BUIC	ui8 	1	64	100.000
BVVL	ui16	2	bc10	48144.000
BVVN	ui16	2	c210	49680.000
BVVO	ui16	2	cc10	52240.000
BVVP	ui16	2	c210	49680.000
BVVQ	ui16	2	bc10	48144.000
BVVR	ui16	2	bc10	48144.000
BWLM	ui8 	1	00	0.000
Bvt0	ui8 	1	01	1.000
Bvt1	ui32	4	04870000	75956224.000
Bvt2	flt 	4	32890b3f	0.545
Bvt3	flt 	4	bb670b3f	0.545
Bvt4	flt 	4	41e1d7be	-0.422
Bvt5	flt 	4	00dc05ba	-0.001
Bvt6	flt 	4	9d368b3c	0.017
Bvt7	flt 	4	92128940	4.284
Bvt8	flt 	4	92128940	4.284
Bvt9	ui8 	1	00	0.000
Bvta	hex_	28	000000000f0d00004f05000064010000040000000000000000000000	
Bvtb	ui32	4	00000000	0.000
CBSC	ui32	4	08000000	134217728.000
CBSV	ui32	4	04000000	67108864.000
CBTC	ui8 	1	01	1.000
CH0H	ui32	4	00000000	0.000
CHBI	ui16	2	0bb8	3000.000
CHBV	ui16	2	3234	12852.000
CHCC	flag	1	01	1.000
CHCE	flag	1	01	1.000
CHCR	flag	1	01	1.000
CHGC	ui16	2	d88a	55434.000
CHGI	ui16	2	05dc	1500.000
CHGV	ui16	2	3234	12852.000
CHII	ui16	2	0b58	2904.000
CHIM	flag	1	01	1.000
CHIT	ui16	2	0000	0.000
CHLT	hex_	3	000000	
CHNC	ui8 	1	00	0.000
CLKA	ui32	4	ffffffff	4294967295.000
CLKL	hex_	6	7b55aa486600	
CLKM	hex_	6	05803a496600	
CLKO	hex_	6	03b888d1ef34	
CLKR	ui32	4	00800000	8388608.000
CLSD	ui16	2	ffff	65535.000
CLWK	ui16	2	ffff	65535.000
CPL1	flt 	4	00000000	0.000
CPL2	flt 	4	00000000	0.000
CPPL	sp87	2	1680	
CPTX	sp78	2	6400	100.000
D1Ac	hex_	4	578515d6	
D1Au	ui8 	1	00	0.000
D1BD	ui32	4	0000000a	10.000
D1BI	ui16	2	dc05	56325.000
D1CA	ui16	2	0500	1280.000
D1CD	ui16	2	0500	1280.000
D1CF	ui16	2	0017	23.000
D1CR	ui16	2	0013	19.000
D1CS	ui8 	1	00	0.000
D1CT	ui8 	1	00	0.000
D1CU	ui8 	1	00	0.000
D1Cb	ui8 	1	00	0.000
D1Cc	ui16	2	0000	0.000
D1Cf	ui16	2	0500	1280.000
D1Ci	ui16	2	0000	0.000
D1Cm	ui16	2	0000	0.000
D1Cn	ui16	2	0000	0.000
D1Cr	ui16	2	0000	0.000
D1Cs	ui16	2	0000	0.000
D1Ct	ui16	2	0000	0.000
D1Cv	ui16	2	0000	0.000
D1Cw	ui16	2	0000	0.000
D1DA	hex_	2	007e	
D1DE	ch8*	32	0000000000000000000000000000000000000000000000000000000000000000	
D1DI	ui8 	1	02	2.000
D1DP	hex_	8	0000000040000000	
D1DR	flag	1	01	1.000
D1Dp	flag	1	00	0.000
D1EC	ui8 	1	00	0.000
D1EF	hex_	4	00000000	
D1Ep	flag	1	01	1.000
D1FC	ui32	4	0a4000e0	171966688.000
D1FS	hex_	1	0c	
D1FV	hex_	4	00210000	
D1IC	ui16	2	ffff	65535.000
D1IR	ui16	2	b80b	47115.000
D1JA	ui32	4	4c1d0000	1276968960.000
D1JB	ui32	4	4c1d0000	1276968960.000
D1JD	{jst	21	4c1d00004c1d00004c1d4c1d000000004c1d000000	
D1JE	ui32	4	00000000	0.000
D1JF	ui32	4	00000000	0.000
D1JG	ui32	4	00000000	0.000
D1JI	flt 	4	00000000	0.000
D1JM	ui16	2	983a	38970.000
D1JN	ui16	2	4c1d	19485.000
D1JP	ui8 	1	00	0.000
D1JQ	hex_	18	000000000000000000000000000000000000	
D1JR	si32	4	4c1d0000	
D1JS	si32	4	4c1d0000	
D1JV	flt 	4	00000000	0.000
D1LC	ui8 	1	00	0.000
D1LI	ui8 	1	61	97.000
D1LR	ui8 	1	00	0.000
D1MI	ui16	2	0bb8	3000.000
D1MP	ui32	4	0000ea60	60000.000
D1MV	ui16	2	4e20	20000.000
D1PI	si8 	1	04	4.000
D1PR	ui8 	1	00	0.000
D1PS	ui8 	1	00	0.000
D1PT	ui8 	1	02	2.000
D1Pd	hex_	2	0000	
D1Ps	ui8 	1	ff	255.000
D1Pt	ui8 	1	01	1.000
D1Rc	ui16	2	0000	0.000
D1Rp	ui16	2	b80b	47115.000
D1ST	ui8 	1	07	7.000
D1SW	ui8 	1	64	100.000
D1St	hex_	2	1100	
D1VC	ui16	2	0000	0.000
D1VD	flt 	4	00000000	0.000
D1VM	ui16	2	4e20	20000.000
D1VR	ui16	2	204e	8270.000
D1VX	ui16	2	4e20	20000.000
D1Vb	ui8 	1	02	2.000
D1Vd	hex_	2	0000	
D1Vm	ui8 	1	00	0.000
D1Vn	ui8 	1	00	0.000
D1WS	flag	1	01	1.000
D1if	ch8*	12	000000000000000000000000	
D1ih	ch8*	12	000000000000000000000000	
D1ii	ch8*	32	0000000000000000000000000000000000000000000000000000000000000000	
D1im	ch8*	32	0000000000000000000000000000000000000000000000000000000000000000	
D1in	ch8*	32	0000000000000000000000000000000000000000000000000000000000000000	
D1is	ch8*	32	0000000000000000000000000000000000000000000000000000000000000000	
D1lg	hex_	30	1a313fd33005bba000000000000000000000000000000000000000000000	
D1li	ui8 	1	09	9.000
D2Ac	hex_	4	00000000	
D2Au	ui8 	1	00	0.000
D2BD	ui8 	1	00	0.000
D2BI	ui16	2	0000	0.000
D2CA	ui16	2	0200	512.000
D2CD	ui16	2	0200	512.000
D2CF	ui16	2	0000	0.000
D2CR	ui16	2	0000	0.000
D2CS	ui8 	1	00	0.000
D2CT	ui8 	1	00	0.000
D2CU	ui8 	1	00	0.000
D2Cb	ui8 	1	00	0.000
D2Cc	ui16	2	0000	0.000
D2Cf	ui16	2	0000	0.000
D2Ci	ui16	2	0000	0.000
D2Cm	ui16	2	0000	0.000
D2Cn	ui16	2	0000	0.000
D2Cr	ui16	2	0000	0.000
D2Cs	ui16	2	0000	0.000
D2Ct	ui16	2	0000	0.000
D2Cv	ui16	2	0000	0.000
D2Cw	ui16	2	0000	0.000
D2DA	hex_	2	0070	
D2DE	ch8*	32	0000000000000000000000000000000000000000000000000000000000000000	
D2DI	ui8 	1	02	2.000
D2DP	hex_	8	0000000000000000	
D2DR	flag	1	01	1.000
D2Dp	flag	1	00	0.000
D2EC	ui8 	1	00	0.000
D2EF	hex_	4	00000000	
D2Ep	flag	1	00	0.000
D2FC	ui32	4	00000000	0.000
D2FS	hex_	1	00	
D2FV	hex_	4	00210000	
D2IC	ui16	2	ffff	65535.000
D2IR	ui16	2	0000	0.000
D2JA	ui32	4	4c1d0000	1276968960.000
D2JB	ui32	4	4c1d0000	1276968960.000
D2JD	{jst	21	4c1d00004c1d00004c1d4c1d000000004c1d000000	
D2JE	ui32	4	00000000	0.000
D2JF	ui32	4	00000000	0.000
D2JG	ui32	4	00000000	0.000
D2JI	flt 	4	00000000	0.000
D2JM	ui16	2	983a	38970.000
D2JN	ui16	2	4c1d	19485.000
D2JP	ui8 	1	00	0.000
D2JQ	hex_	18	000000000000000000000000000000000000	
D2JR	si32	4	4c1d0000	
D2JS	si32	4	4c1d0000	
D2JV	flt 	4	00000000	0.000
D2LC	ui8 	1	00	0.000
D2LI	ui8 	1	30	48.000
D2LR	ui8 	1	01	1.000
D2MI	ui16	2	0000	0.000
D2MP	ui32	4	00000000	0.000
D2MV	ui16	2	0000	0.000
D2PI	si8 	1	ff	-1.000
D2PR	ui8 	1	00	0.000
D2PS	ui8 	1	00	0.000
D2PT	ui8 	1	00	0.000
D2Pd	hex_	2	0000	
D2Ps	ui8 	1	ff	255.000
D2Pt	ui8 	1	00	0.000
D2Rc	ui16	2	0000	0.000
D2Rp	ui16	2	0000	0.000
D2ST	ui8 	1	00	0.000
D2St	hex_	2	0000	
D2VC	ui16	2	0000	0.000
D2VD	flt 	4	00000000	0.000
D2VM	ui16	2	0000	0.000
D2VR	ui16	2	0000	0.000
D2VX	ui16	2	0000	0.000
D2Vb	ui8 	1	00	0.000
D2Vd	hex_	2	0000	
D2Vm	ui8 	1	00	0.000
D2Vn	ui8 	1	00	0.000
D2WS	flag	1	01	1.000
D2if	ch8*	12	000000000000000000000000	
D2ih	ch8*	12	000000000000000000000000	
D2ii	ch8*	32	0000000000000000000000000000000000000000000000000000000000000000	
D2im	ch8*	32	0000000000000000000000000000000000000000000000000000000000000000	
D2in	ch8*	32	0000000000000000000000000000000000000000000000000000000000000000	
D2is	ch8*	32	0000000000000000000000000000000000000000000000000000000000000000	
D2lg	hex_	30	1a03bba00000000000000000000000000000000000000000000000000000	
D2li	ui8 	1	05	5.000
D3Ac	hex_	4	00000000	
D3Au	ui8 	1	00	0.000
D3BD	ui8 	1	00	0.000
D3BI	ui16	2	0000	0.000
D3CA	ui16	2	0000	0.000
D3CD	ui16	2	0000	0.000
D3CF	ui16	2	0000	0.000
D3CR	ui16	2	0000	0.000
D3CS	ui8 	1	00	0.000
D3CT	ui8 	1	00	0.000
D3CU	ui8 	1	00	0.000
D3Cb	ui8 	1	00	0.000
D3Cc	ui16	2	0000	0.000
D3Cf	ui16	2	0000	0.000
D3Ci	ui16	2	0000	0.000
D3Cm	ui16	2	0000	0.000
D3Cn	ui16	2	0000	0.000
D3Cr	ui16	2	0000	0.000
D3Cs	ui16	2	0000	0.000
D3Ct	ui16	2	0000	0.000
D3Cv	ui16	2	0000	0.000
D3Cw	ui16	2	0000	0.000
D3DA	hex_	2	0076	
D3DE	ch8*	32	0000000000000000000000000000000000000000000000000000000000000000	
D3DI	ui8 	1	02	2.000
D3DP	hex_	8	0000000000000000	
D3DR	flag	1	01	1.000
D3Dp	flag	1	00	0.000
D3EC	ui8 	1	00	0.000
D3EF	hex_	4	00000000	
D3Ep	flag	1	00	0.000
D3FC	ui32	4	00000000	0.000
D3FS	hex_	1	00	
D3FV	hex_	4	00210000	
D3IC	ui16	2	ffff	65535.000
D3IR	ui16	2	0000	0.000
D3JA	ui32	4	4c1d0000	1276968960.000
D3JB	ui32	4	4c1d0000	1276968960.000
D3JD	{jst	21	00000000000000004c1d4c1d000000004c1d000000	
D3JE	ui32	4	00000000	0.000
D3JF	ui32	4	00000000	0.000
D3JG	ui32	4	00000000	0.000
D3JI	flt 	4	00000000	0.000
D3JM	ui16	2	983a	38970.000
D3JN	ui16	2	4c1d	19485.000
D3JP	ui8 	1	00	0.000
D3JQ	hex_	18	000000000000000000000000000000000000	
D3JR	si32	4	4c1d0000	
D3JS	si32	4	4c1d0000	
D3JV	flt 	4	00000000	0.000
D3LC	ui8 	1	00	0.000
D3LI	ui8 	1	1e	30.000
D3LR	ui8 	1	01	1.000
D3MI	ui16	2	0000	0.000
D3MP	ui32	4	00000000	0.000
D3MV	ui16	2	0000	0.000
D3PI	si8 	1	00	0.000
D3PR	ui8 	1	00	0.000
D3PS	ui8 	1	00	0.000
D3PT	ui8 	1	00	0.000
D3Pd	hex_	2	0000	
D3Ps	ui8 	1	ff	255.000
D3Pt	ui8 	1	00	0.000
D3Rc	ui16	2	0000	0.000
D3Rp	ui16	2	0000	0.000
D3ST	ui8 	1	00	0.000
D3St	hex_	2	0000	
D3VC	ui16	2	0000	0.000
D3VD	flt 	4	00000000	0.000
D3VM	ui16	2	0000	0.000
D3VR	ui16	2	0000	0.000
D3VX	ui16	2	0000	0.000
D3Vb	ui8 	1	00	0.000
D3Vd	hex_	2	0000	
D3Vm	ui8 	1	00	0.000
D3Vn	ui8 	1	00	0.000
D3WS	flag	1	01	1.000
D3if	ch8*	12	000000000000000000000000	
D3ih	ch8*	12	000000000000000000000000	
D3ii	ch8*	32	0000000000000000000000000000000000000000000000000000000000000000	
D3im	ch8*	32	0000000000000000000000000000000000000000000000000000000000000000	
D3in	ch8*	32	0000000000000000000000000000000000000000000000000000000000000000	
D3is	ch8*	32	0000000000000000000000000000000000000000000000000000000000000000	
D3lg	hex_	30	1a03bba00000000000000000000000000000000000000000000000000000	
D3li	ui8 	1	05	5.000
D4Ac	hex_	4	00000000	
D4Au	ui8 	1	00	0.000
D4BD	ui8 	1	00	0.000
D4BI	ui16	2	0000	0.000
D4CA	ui16	2	0000	0.000
D4CD	ui16	2	0000	0.000
D4CF	ui16	2	0000	0.000
D4CR	ui16	2	0000	0.000
D4CS	ui8 	1	00	0.000
D4CT	ui8 	1	00	0.000
D4CU	ui8 	1	00	0.000
D4Cb	ui8 	1	00	0.000
D4Cc	ui16	2	0000	0.000
D4Cf	ui16	2	0000	0.000
D4Ci	ui16	2	0000	0.000
D4Cm	ui16	2	0000	0.000
D4Cn	ui16	2	0000	0.000
D4Cr	ui16	2	0000	0.000
D4Cs	ui16	2	0000	0.000
D4Ct	ui16	2	0000	0.000
D4Cv	ui16	2	0000	0.000
D4Cw	ui16	2	0000	0.000
D4DA	hex_	2	0078	
D4DE	ch8*	32	0000000000000000000000000000000000000000000000000000000000000000	
D4DI	ui8 	1	02	2.000
D4DP	hex_	8	0000000000000000	
D4DR	flag	1	01	1.000
D4Dp	flag	1	00	0.000
D4EC	ui8 	1	00	0.000
D4EF	hex_	4	00000000	
D4Ep	flag	1	00	0.000
D4FC	ui32	4	00000000	0.000
D4FS	hex_	1	00	
D4FV	hex_	4	00210000	
D4IC	ui16	2	ffff	65535.000
D4IR	ui16	2	0000	0.000
D4JA	ui32	4	4c1d0000	1276968960.000
D4JB	ui32	4	4c1d0000	1276968960.000
D4JD	{jst	21	00000000000000004c1d4c1d000000004c1d000000	
D4JE	ui32	4	00000000	0.000
D4JF	ui32	4	00000000	0.000
D4JG	ui32	4	00000000	0.000
D4JI	flt 	4	00000000	0.000
D4JM	ui16	2	983a	38970.000
D4JN	ui16	2	4c1d	19485.000
D4JP	ui8 	1	00	0.000
D4JQ	hex_	18	000000000000000000000000000000000000	
D4JR	si32	4	4c1d0000	
D4JS	si32	4	4c1d0000	
D4JV	flt 	4	00000000	0.000
D4LC	ui8 	1	00	0.000
D4LI	ui8 	1	1e	30.000
D4LR	ui8 	1	01	1.000
D4MI	ui16	2	0000	0.000
D4MP	ui32	4	00000000	0.000
D4MV	ui16	2	0000	0.000
D4PI	si8 	1	00	0.000
D4PR	ui8 	1	00	0.000
D4PS	ui8 	1	00	0.000
D4PT	ui8 	1	00	0.000
D4Pd	hex_	2	0000	
D4Ps	ui8 	1	ff	255.000
D4Pt	ui8 	1	00	0.000
D4Rc	ui16	2	0000	0.000
D4Rp	ui16	2	0000	0.000
D4ST	ui8 	1	00	0.000
D4St	hex_	2	0000	
D4VC	ui16	2	0000	0.000
D4VD	flt 	4	00000000	0.000
D4VM	ui16	2	0000	0.000
D4VR	ui16	2	0000	0.000
D4VX	ui16	2	0000	0.000
D4Vb	ui8 	1	00	0.000
D4Vd	hex_	2	0000	
D4Vm	ui8 	1	00	0.000
D4Vn	ui8 	1	00	0.000
D4WS	flag	1	01	1.000
D4if	ch8*	12	000000000000000000000000	
D4ih	ch8*	12	000000000000000000000000	
D4ii	ch8*	32	0000000000000000000000000000000000000000000000000000000000000000	
D4im	ch8*	32	0000000000000000000000000000000000000000000000000000000000000000	
D4in	ch8*	32	0000000000000000000000000000000000000000000000000000000000000000	
D4is	ch8*	32	0000000000000000000000000000000000000000000000000000000000000000	
D4lg	hex_	30	1a03bba00000000000000000000000000000000000000000000000000000	
D4li	ui8 	1	05	5.000
DBTE	ui8 	1	01	1.000
DICT	flag	1	00	0.000
DPBS	ui32	4	c8af0000	3366912000.000
DPBW	ui32	4	c8af0000	3366912000.000
DSAS	ui8 	1	00	0.000
DULT	ui8 	1	46	70.000
DUST	ui8 	1	00	0.000
DUTC	flag	1	01	1.000
DUTT	ui8 	1	2d	45.000
EFBI	hex_	4	00000000	
EFBM	ui8 	1	00	0.000
EFBP	ui8 	1	00	0.000
EFMU	hex_	16	ca6742e7c09148379da40efe4cefafb9	
EFMV	hex_	32	0101000018000000100000007517000000000000000000000000000000000000	
EFRO	hex_	16	e46d2cf0599e4141bcbe17d3c38fb164	
EFSR	ui8 	1	00	0.000
ERCE	flag	1	00	0.000
ERCR	ui16	2	0001	1.000
ERCS	flag	1	00	0.000
EVPF	hex_	13	00000000000000000000000000	
F0AH	spf0	2	1753	
F0AL	spf0	2	15f0	
F0Ac	flt 	4	8f40b045	5640.070
F0Dc	flt 	4	29e5233f	0.640
F0Fb	ui8 	1	01	1.000
F0Fc	ui16	2	0003	3.000
F0Md	ui8 	1	00	0.000
F0Mn	flt 	4	0080e544	1836.000
F0Mx	flt 	4	0080af45	5616.000
F0Sf	ui16	2	0000	0.000
F0St	ui8 	1	05	5.000
F0Tg	flt 	4	0080af45	5616.000
F1AH	spf0	2	1753	
F1AL	spf0	2	1450	
F1Ac	flt 	4	3d61a245	5196.155
F1Dc	flt 	4	556b143f	0.580
F1Fb	ui8 	1	01	1.000
F1Fc	ui16	2	0003	3.000
F1Md	ui8 	1	00	0.000
F1Mn	flt 	4	0080d444	1700.000
F1Mx	flt 	4	0080a245	5200.000
F1Sf	ui16	2	0000	0.000
F1St	ui8 	1	05	5.000
F1Tg	flt 	4	0080a245	5200.000
FAC0	ui8 	1	00	0.000
FAC1	ui8 	1	00	0.000
FAC2	ui8 	1	00	0.000
FAC3	ui8 	1	00	0.000
FBAD	hex_	4	00000000	
FNum	ui8 	1	02	2.000
FOff	ui8 	1	00	0.000
FRmp	ui16	2	0000	0.000
GCST	hex_	1	01	
GPUB	ui16	2	304c	12364.000
GPUC	ui32	4	00000000	0.000
GPUD	ui8 	1	00	0.000
GPUS	hex_	32	3001010401000200000000000094000204043f61ff3f61ff0000030000000000	
GS0C	ui16	2	0000	0.000
GT0C	ui16	2	0199	409.000
GT0R	ui8 	1	00	0.000
GTH!	hex_	1	00	
GTHR	ui8 	1	00	0.000
HBKP	ch8*	32	0000000000000000000000000000000000000000000000000000000000000000	
HBKT	ui32	4	00054600	345600.000
HBKU	ch8*	32	0000000000000000000000000000000000000000000000000000000000000000	
HC0N	ui8 	1	0f	15.000
HC0T	ui8 	1	1a	26.000
HE0N	ui8 	1	10	16.000
HE0T	ui8 	1	00	0.000
HE1N	ui8 	1	00	0.000
HE1T	ui8 	1	00	0.000
HI0N	ui8 	1	13	19.000
HI0T	ui8 	1	00	0.000
HI1N	ui8 	1	00	0.000
HI1T	ui8 	1	00	0.000
HNVD	ui16	2	0000	0.000
IA8C	flt 	4	00000000	0.000
IAPC	flt 	4	00000000	0.000
IBAC	sp78	2	ffe9	-0.090
IBAF	sp78	2	ffee	-0.070
IBLR	flt 	4	00000000	0.000
IBSC	flt 	4	6ae7e63e	0.451
IC0R	flt 	4	4bda0740	2.123
ICAC	flt 	4	00000000	0.000
ICIC	flt 	4	00000000	0.000
ICSC	flt 	4	00000000	0.000
ICTC	flt 	4	00000000	0.000
ID0R	flt 	4	99cf3840	2.888
IG0C	flt 	4	00000000	0.000
IG0R	flt 	4	19a8d93f	1.700
IG1C	flt 	4	00000000	0.000
IG2C	flt 	4	00000000	0.000
IG3C	flt 	4	00000000	0.000
IG4C	flt 	4	00000000	0.000
IG5C	flt 	4	00000000	0.000
IG6C	flt 	4	00000000	0.000
IH0C	flt 	4	3d65b93b	0.006
IH0R	flt 	4	ddab333c	0.011
IH1C	flt 	4	c7a6c73b	0.006
IH1R	flt 	4	59dffb3b	0.008
IKBC	flt 	4	00000000	0.000
ILDC	flt 	4	00000000	0.000
IM0C	flt 	4	be176a3f	0.914
IM1C	flt 	4	00000000	0.000
IMCC	flt 	4	00000000	0.000
IO5R	flt 	4	9ba4853e	0.261
IOLR	flt 	4	6f85553e	0.209
IORR	flt 	4	4431f73d	0.121
IPBR	flt 	4	013eb93e	0.362
IPBd	flt 	4	00004843	200.000
IPBu	flt 	4	0000803f	1.000
ISLC	flt 	4	f897893e	0.269
IULC	flt 	4	00000000	0.000
IURC	flt 	4	00000000	0.000
KDD0	hex_	32	b6864cbc2460dd8e52a724a4f720318dd06e1a5fb16079708b6d11640000259a	
KDD1	hex_	32	a90e000000004f3d0000000000000508d8af0000000000000000000034320000	
KDTP	ui8 	1	01	1.000
KINC	ui16	2	005e	94.000
KINV	ch8*	4	4d534457	
KINX	hex_	4	4d534457	
LCAD	ui8 	1	01	1.000
LCAE	ui8 	1	00	0.000
LCFS	ui16	2	0000	0.000
LCRC	ui16	2	0000	0.000
LCSA	ui8 	1	74	116.000
LDKN	ui8 	1	03	3.000
LDSS	sp78	2	0000	0.000
LDWA	hex_	8	0000000000000000	
LDWE	hex_	4	0187dd0f	
LDWL	hex_	8	0000000000000100	
LGPA	ui64	8	0000e51e08000000	
LGPE	flag	1	00	0.000
LGPI	ui32	4	00000000	0.000
LIDB	flag	1	00	0.000
MBSS	ui16	2	0000	0.000
MEPS	hex_	3	000102	
MFIC	hex_	4	00000000	
MFIX	flag	1	00	0.000
MPBT	flag	1	01	1.000
MPBd	flag	1	01	1.000
MPRA	ui8 	1	00	0.000
MPRC	ui32	4	00000000	0.000
MPRD	ui8 	1	00	0.000
MPRE	ui8 	1	00	0.000
MPRT	sp78	2	0000	0.000
MPTB	flag	1	01	1.000
MPWF	flag	1	01	1.000
MSAE	flag	1	01	1.000
MSAL	hex_	1	4b	
MSAP	ui8 	1	03	3.000
MSAc	fp88	2	1000	
MSAf	fp6a	2	0000	
MSAg	fp88	2	0000	
MSAi	fp88	2	0000	
MSBC	ui16	2	0000	0.000
MSBP	flt 	4	2d2a0642	33.541
MSBc	ui16	2	1651	5713.000
MSBp	flt 	4	2d2a0642	33.541
MSC0	ui16	2	0019	25.000
MSC1	ui16	2	005c	92.000
MSC2	ui16	2	e102	57602.000
MSFE	ui8 	1	00	0.000
MSFL	ch8*	4	00000000	
MSFM	ui8 	1	00	0.000
MSFN	ui8 	1	00	0.000
MSFV	flt 	4	00000000	0.000
MSGA	fp6a	2	0000	
MSKE	flag	1	01	1.000
MSKT	ui16	2	0000	0.000
MSLC	ui8 	1	10	16.000
MSLD	ui8 	1	00	0.000
MSLE	flag	1	01	1.000
MSLG	ui8 	1	00	0.000
MSLP	ui8 	1	00	0.000
MSLS	ui8 	1	00	0.000
MSLm	flt 	4	0000803f	1.000
MSLn	flt 	4	00000000	0.000
MSPA	fp6a	2	0000	
MSPC	ui8 	1	0f	15.000
MSPP	ui8 	1	00	0.000
MSPR	ui8 	1	00	0.000
MSPS	hex_	2	0001	
MSPT	hex_	5	2913000910	
MSPU	hex_	6	000100010001	
MSQC	hex_	2	0000	
MSQL	ui8 	1	02	2.000
MSQM	ui8 	1	05	5.000
MSQW	ui16	2	0000	0.000
MSSB	si8 	1	00	0.000
MSSC	flag	1	00	0.000
MSSD	si8 	1	05	5.000
MSSP	si8 	1	05	5.000
MSSS	ui8 	1	00	0.000
MSSW	flag	1	00	0.000
MST3	ui32	4	00000000	0.000
MST6	ui64	8	0000000000000000	
MSTC	ui16	2	0000	0.000
MSTD	ui16	2	0000	0.000
MSTL	ui32	4	07491db0	122232240.000
MSTS	ui8 	1	1a	26.000
MSWr	ui8 	1	70	112.000
MSX0	ui16	2	3039	12345.000
MSX2	ui8 	1	0c	12.000
MSX9	ui8 	1	30	48.000
MSXA	ch8*	4	4d534166	
MSXC	ui32	4	00000000	0.000
MSXD	ch8*	16	00000000000000000000000000000000	
MSXH	ch8*	16	00000000000000000000000000000000	
MSXK	ch8*	32	01020405060708090a0b0c0d0e0f10111213141518191a1b1c1d1e1f20212223	
MSXL	ch8*	16	0000fde80000fde80000fde80000fde8	
MSXN	ui8 	1	3a	58.000
MSXP	ui32	4	00000000	0.000
MSXS	ch8*	4	01020004	
MSXT	ui32	4	ffffffff	4294967295.000
MSXU	hex_	2	0000	
MSXZ	flt 	4	00000000	0.000
MSXb	ui8 	1	00	0.000
MSXc	ui32	4	00000000	0.000
MSXd	ch8*	16	00000000000000000000000000000000	
MSXh	ch8*	16	00000000000000000000000000000000	
MSXk	ch8*	32	0000000000000000000000000000000000000000000000000000000000000000	
MSXl	ch8*	16	286b6e4e286b6e4e286b6e4e286b6e4e	
MSXm	ui16	2	0008	8.000
MSXn	ui8 	1	59	89.000
MSXs	ui32	4	01020304	16909060.000
MSXt	ch8*	16	00000000000000000000000000000000	
MSbc	ui8 	1	06	6.000
MSkc	ui8 	1	00	0.000
MSt0	flt 	4	3c28c141	24.145
MSt1	flt 	4	00000000	0.000
MSt2	flt 	4	00000000	0.000
MSt3	flt 	4	00000000	0.000
MSt4	flt 	4	00000000	0.000
MSt5	flt 	4	00000000	0.000
MStc	ui8 	1	00	0.000
MSxb	hex_	2	022c	
MSxd	hex_	32	022c0000853940020000000000000000fa100fb1f66176410000000000000000	
MSxs	hex_	16	022f0000a3ba45020000000000000000	
MT0c	flt 	4	00008041	16.000
MT0g	flt 	4	00000000	0.000
MT0t	flt 	4	0000803f	1.000
MT0z	flt 	4	eb2ac141	24.146
MT1c	flt 	4	00000000	0.000
MT1g	flt 	4	00000000	0.000
MT1t	flt 	4	00000000	0.000
MT2c	flt 	4	00000000	0.000
MT2g	flt 	4	00000000	0.000
MT2t	flt 	4	00000000	0.000
MT3c	flt 	4	00000000	0.000
MT3g	flt 	4	00000000	0.000
MT3t	flt 	4	00000000	0.000
MT4c	flt 	4	00000000	0.000
MT4g	flt 	4	00000000	0.000
MT4t	flt 	4	00000000	0.000
MT5c	flt 	4	00000000	0.000
MT5g	flt 	4	00000000	0.000
MT5t	flt 	4	00000000	0.000
MTBc	flt 	4	00000000	0.000
MTBg	flt 	4	00000000	0.000
MTBt	flt 	4	00000000	0.000
N0Tr	ui8 	1	00	0.000
N0Tw	ui8 	1	00	0.000
NATJ	ui8 	1	00	0.000
NATi	ui16	2	0000	0.000
NOPB	ui8 	1	00	0.000
NTAP	flag	1	01	1.000
Ns0T	ui8 	1	01	1.000
Ns1T	ui8 	1	01	1.000
NsNL	ui8 	1	02	2.000
OSSS	hex_	32	0053343a526573756d65456e6400000000000000000000000000000000000000	
OSWD	ui16	2	003c	60.000
PA8C	flt 	4	00000000	0.000
PAPC	flt 	4	00000000	0.000
PBLR	flt 	4	00000000	0.000
PC0R	flt 	4	bedbd541	26.732
PCAC	flt 	4	00000000	0.000
PCIC	flt 	4	00000000	0.000
PCPC	sp87	2	096e	
PCPG	sp87	2	0001	
PCPT	sp87	2	0a44	
PCSC	flt 	4	00000000	0.000
PCTC	flt 	4	00000000	0.000
PDTR	flt 	4	9c356542	57.302
PG0C	flt 	4	00000000	0.000
PG0R	flt 	4	8a54ab41	21.416
PG1C	flt 	4	00000000	0.000
PG2C	flt 	4	00000000	0.000
PG3C	flt 	4	00000000	0.000
PG4C	flt 	4	00000000	0.000
PG5C	flt 	4	00000000	0.000
PG6C	flt 	4	00000000	0.000
PH0C	flt 	4	5af3983c	0.019
PH0R	flt 	4	7b950d3e	0.138
PH1C	flt 	4	04b6a43c	0.020
PH1R	flt 	4	4d7dc63d	0.097
PHPC	flt 	4	21984042	48.149
PKBC	flt 	4	00000000	0.000
PLDC	flt 	4	00000000	0.000
PM0C	flt 	4	a6748c3f	1.097
PM1C	flt 	4	00000000	0.000
PMCC	flt 	4	00000000	0.000
PO5R	flt 	4	61a05240	3.291
POLR	flt 	4	aa3a2840	2.629
PORR	flt 	4	8bc3c23f	1.522
PPBR	flt 	4	4abb9040	4.523
PSLC	flt 	4	7807633f	0.887
PSTR	flt 	4	39c86642	57.696
PULC	flt 	4	00000000	0.000
PURC	flt 	4	00000000	0.000
PZ0E	flt 	4	00d03942	46.453
PZ0F	flt 	4	fed13842	46.205
PZ0G	flt 	4	21984042	48.149
PZ0T	flt 	4	4f64c141	24.174
PZ1E	flt 	4	0000a442	82.000
PZ1F	flt 	4	63ead041	26.114
PZ1G	flt 	4	bedbd541	26.732
PZ1T	flt 	4	00000000	0.000
PZ2E	flt 	4	00008c42	70.000
PZ2F	flt 	4	9318ab41	21.387
PZ2G	flt 	4	8a54ab41	21.416
PZ2T	flt 	4	00000000	0.000
PZ3E	flt 	4	00008041	16.000
PZ3F	flt 	4	38d30240	2.044
PZ3G	flt 	4	d6b8f33f	1.904
PZ3T	flt 	4	00000000	0.000
PZ4E	flt 	4	f4405c43	220.254
PZ4F	flt 	4	af49c23e	0.379
PZ4G	flt 	4	6ae7e63e	0.451
PZ4T	flt 	4	00000000	0.000
PZ5E	flt 	4	000010c1	-9.000
PZ5F	flt 	4	b7a546c1	-12.415
PZ5G	flt 	4	dbfa46c1	-12.436
PZ5T	flt 	4	00000000	0.000
QCEC	si8 	1	00	0.000
QCFE	flt 	4	00000000	0.000
QCHA	flt 	4	00000000	0.000
QCHE	flt 	4	cdcccc3e	0.400
QCHa	si8 	1	ff	-1.000
QCLA	flt 	4	0000803f	1.000
QCLE	flt 	4	0000803f	1.000
QCLV	ui8 	1	78	120.000
QCLa	si8 	1	01	1.000
QCLv	flt 	4	90c2f53e	0.480
QCPE	flt 	4	00000000	0.000
QECI	ui8 	1	00	0.000
QECS	ui8 	1	00	0.000
QENA	flag	1	01	1.000
QENN	flag	1	01	1.000
QERI	hex_	4	00000000	
QERR	hex_	4	00000000	
QERS	hex_	4	00000000	
QFL!	hex_	1	00	
QGEC	si8 	1	00	0.000
QGFE	flt 	4	00000000	0.000
QGHA	flt 	4	00000000	0.000
QGHE	flt 	4	00000000	0.000
QGHa	si8 	1	ff	-1.000
QGLA	flt 	4	00000000	0.000
QGLE	flt 	4	0000803f	1.000
QGLV	ui8 	1	32	50.000
QGLa	si8 	1	ff	-1.000
QGLv	flt 	4	cdcc4c3e	0.200
QGPE	flt 	4	00000000	0.000
QIEC	si8 	1	00	0.000
QIFE	flt 	4	00000000	0.000
QIHA	flt 	4	00000000	0.000
QIHE	flt 	4	00000000	0.000
QIHa	si8 	1	ff	-1.000
QILA	flt 	4	00000000	0.000
QILE	flt 	4	0000803f	1.000
QILV	ui8 	1	32	50.000
QILa	si8 	1	ff	-1.000
QILv	flt 	4	cdcc4c3e	0.200
QIPE	flt 	4	00000000	0.000
QVER	ui8 	1	01	1.000
RBID	ui32	4	0000003a	58.000
RBRV	ui32	4	00000003	3.000
RCID	ui32	4	00008012	32786.000
RCRV	ui32	4	00000010	16.000
RECI	ui64	8	000e1d623ceb8026	
RESV	ch8*	16	00000000000000000000000000000000	
RGEN	ui8 	1	03	3.000
RMAC	hex_	6	000000000000	
RMSN	hex_	17	43303230343334303031594e50394e3158	
RPlt	ch8*	8	6a31353266000000	
RSSN	hex_	16	433032444c3948584d44365200000000	
RWCV	hex_	4	58300000	
SB0G	flt 	4	0ad7233f	0.640
SB0H	ui8 	1	03	3.000
SB0N	flt 	4	00000000	0.000
SB0W	sp78	2	0ed7	14.840
SB0X	sp78	2	0ed7	14.840
SBF 	hex_	4	00000000	
SBFD	hex_	4	00000000	
SBFE	flag	1	01	1.000
SBFF	hex_	4	00000000	
SBFL	hex_	4	00000200	
SBFN	hex_	4	00000000	
SBFU	hex_	4	00000000	
SBFV	hex_	4	007fffff	
SBFZ	ui8 	1	00	0.000
SCIL	ui8 	1	00	0.000
SPH0	ui16	2	0000	0.000
SPHR	ui32	4	00000000	0.000
SPHS	ui8 	1	01	1.000
SPHT	ui16	2	0000	0.000
TA0V	sp78	2	1b31	27.191
TB0T	sp78	2	2519	37.098
TB1T	sp78	2	2366	35.398
TB2T	sp78	2	2519	37.098
TC0E	sp78	2	4c0e	76.055
TC0F	sp78	2	4d74	77.453
TC0P	sp78	2	4190	65.562
TC0T	sp78	2	0029	0.160
TC1C	sp78	2	4800	72.000
TC2C	sp78	2	4300	67.000
TC3C	sp78	2	4700	71.000
TC4C	sp78	2	4f00	79.000
TC5C	sp78	2	4400	68.000
TC6C	sp78	2	4300	67.000
TC7C	sp78	2	4900	73.000
TC8C	sp78	2	4200	66.000
TCGC	sp78	2	4100	65.000
TCMX	sp78	2	4f00	79.000
TCSA	sp78	2	4300	67.000
TCXC	sp78	2	4d7c	77.484
TF0S	sp78	2	0807	8.027
TG0P	sp78	2	3f40	63.250
TG1P	sp78	2	3f70	63.438
TGDD	sp78	2	4400	68.000
TGDE	sp78	2	3a00	58.000
TGDF	sp78	2	445b	68.355
TGDT	sp78	2	000c	0.047
TGVF	sp78	2	4000	64.000
TGVP	sp78	2	4000	64.000
TH0F	sp78	2	245a	36.352
TH0X	sp78	2	242b	36.168
TH0a	sp78	2	220c	34.047
TH0b	sp78	2	23c0	35.750
TH1a	sp78	2	232f	35.184
TH1b	sp78	2	242b	36.168
TM0P	sp78	2	3880	56.500
TPCD	sp78	2	3d00	61.000
TTLD	sp78	2	2610	38.062
TTRD	sp78	2	2600	38.000
TW0P	sp78	2	39f0	57.938
TaLC	sp78	2	2660	38.375
TaRC	sp78	2	2780	39.500
Th1H	sp78	2	4170	65.438
Th2H	sp78	2	3c50	60.312
Tm0P	sp78	2	3fd0	63.812
Ts0P	sp78	2	22ff	34.996
Ts0S	sp78	2	2e84	46.516
Ts1P	sp78	2	20ff	32.996
Ts1S	sp78	2	2d5b	45.355
Ts2S	sp78	2	2db7	45.715
VCAC	flt 	4	3995833f	1.028
VCSC	flt 	4	00000000	0.000
VCTC	flt 	4	00000000	0.000
VD0R	flt 	4	f0bf9e41	19.844
VG0C	flt 	4	5993383f	0.721
VG1C	flt 	4	ceac3d3f	0.741
VP0R	flt 	4	0ebd4941	12.609
VP0d	flt 	4	0000803f	1.000
VP0u	flt 	4	00007a43	250.000
WCPW	ui8 	1	05	5.000
WKEN	hex_	4	00000000	
WKOS	ui8 	1	00	0.000
WKTP	ui8 	1	00	0.000
WOr0	si8 	1	01	1.000
WOw0	si8 	1	05	5.000
WOw1	si8 	1	ff	-1.000
WOw2	si8 	1	ff	-1.000
WPo0	si8 	1	00	0.000
ZPEN	hex_	1	3f	
aDC#	ui32	4	0f000000	251658240.000
hSdn	flt 	4	00000000	0.000
hSta	hex_	3	010102	
hSup	flt 	4	00000000	0.000
pmFC	hex_	2	0000	
zSAa	ui64	8	1d03910401000000	
zSAc	ui32	4	a7e40000	2816737280.000
zSAi	ui32	4	6e060000	1845886976.000
zSBa	ui64	8	0000000000000000	
zSBc	ui32	4	00000000	0.000
zSBi	si32	4	00000000	
zSDa	si64	8	0000000000000000	
zSDc	ui32	4	00000000	0.000
zSEi	ui64	8	7ff09e2d00000000	
zSEj	ui32	4	2d3e0000	759037952.000
zSEm	ch8*	32	726a347270717538706100000000000000000000000000000000000000000000	
zSEs	ui32	4	9b440000	2604924928.000
zSEw	ui64	8	0df32f3200000000	
zSLa	si64	8	e1b33da400000000	
zSLc	ui32	4	78dd0100	2027749632.000
zSLi	si32	4	d6df0000	
zSPa	ui64	8	e1b33da400000000	
zSPc	ui32	4	ace40000	2900623360.000
zSPe	ui32	4	00000000	0.000
zSPi	ui32	4	d6df0000	3604938752.000
zSPm	ui32	4	834d0000	2202861568.000
zSPn	ui32	4	470b0000	1191903232.000
